DAY,START_TIME,SHOW_TITLE,DJ NAME,,,
SUNDAY,,,,,,
Sunday,0:00,Duppy Echoes,DJ Hama,,,
Sunday,1:00,,,,,
Sunday,2:00,Over the Hump,Le Schlippy,,,
Sunday,3:00,,,,,
Sunday,4:00,See You In Hell,Shelley,,,
Sunday,5:00,,,,,
Sunday,6:00,Rattfink,Rattfink,,,
Sunday,7:00,Kinda Like the End,Cousin Bobby,,,
Sunday,8:00,The Little Lighthouse,Greentooth,,,
Sunday,9:00,Emisija Oddaja Emisija (Yugoslav culture program),Greentooth,,,
Sunday,10:00,Cleveland German Radio Show,David and Ambassador Renate,,,
Sunday,11:00,,,,,
Sunday,12:00,Rudie's Hi-Fi,Tommy Fox,,,
Sunday,13:00,,,,,
Sunday,14:00,Jamaica Way,Rich Lowe,,,
Sunday,15:00,,,,,
Sunday,16:00,African Abstract,Kabir & Charleston,,,
Sunday,17:00,,,,,
Sunday,18:00,Land Beyond the Sun,Captain Midnight,,,
Sunday,19:00,,,,,
Sunday,20:00,Distant Sound of Trains,Josh,,,
Sunday,21:00,Crap Radio,Keith,,,
Sunday,22:00,,,,,
Sunday,23:00,,,,,
,,,,,,
,,,,,,
MONDAY,,,,,,
Monday,0:00,Crap Radio,Keith,,,
Monday,1:00,,,,,
Monday,2:00,The Xainstead Show,Wainstead,,,
Monday,3:00,,,,,
Monday,4:00,Hour of Slack,Reverend Ivan Stang,,,
Monday,5:00,Where the Spazz Never Sleeps,SpazzNEO,,,
Monday,6:00,Progressive Rock Proviso,Dave,,,
Monday,7:00,The All New JibNation,DJ JT,,,
Monday,8:00,The AbuGhoul Radio Hour,Charbel Zakharia,,,
Monday,9:00,Waking the Intonarumori,bbob,,,
Monday,10:00,,,,,
Monday,11:00,Terminus,dj.empty3,,,
Monday,12:00,666oz of Madness,Adam,,,
Monday,13:00,,,,,
Monday,14:00,Skid Row,Chris,,,
Monday,15:00,,,,,
Monday,16:00,No Surf in Cleveland,BillMike,,,
Monday,17:00,Halfway Cottages,Andy & Steve,,,
Monday,18:00,,,,,
Monday,19:00,Casa de Exile,CK*1,,,
Monday,20:00,Severe Exposure,John,,,
Monday,21:00,,,,,
Monday,22:00,Good Morning Metal,Alex,,,
Monday,23:00,,,,,
,,,,,,
,,,,,,
TUESDAY,,,,,,
Tuesday,0:00,Insert Name Here,Jerry,,,
Tuesday,1:00,,,,,
Tuesday,2:00,Jamaica Way,Rich Lowe,,,
Tuesday,3:00,,,,,
Tuesday,4:00,Music of Sci Fi Fantasy,Mark,,,
Tuesday,5:00,The Hungarian Hour,Elizabeth,,,
Tuesday,6:00,,,,,
Tuesday,7:00,The Ray Carr Show,DJ Ray,,,
Tuesday,8:00,,,,,
Tuesday,9:00,"Geodesic Stereo
",Mike J,,,
Tuesday,10:00,Esoterica,Frank Incensed,,,
Tuesday,11:00,This is Metal,Bob Delchin,,,
Tuesday,12:00,,,,,
Tuesday,13:00,Lost Live Traxx,JimiimiJ,,,
Tuesday,14:00,Carnage Asada,emosteve,,,
Tuesday,15:00,The Xainstead Show,Wainstead,,,
Tuesday,16:00,,,,,
Tuesday,17:00,Monster Boogie Ska,Monster Boogie Joe,,,
Tuesday,18:00,,,,,
Tuesday,19:00,Fast & Bulbous,Ennio,,,
Tuesday,20:00,,,,,
Tuesday,21:00,Jazz Inquisition,(rotating DJs),,,
Tuesday,22:00,,,,,
Tuesday,23:00,Surface Detail,Myra,,,
,,,,,,
,,,,,,
WEDNESDAY,,,,,,
Wednesday,0:00,Evil Gnome Hour,Azazel,,,
Wednesday,1:00,Stormy Weathers,Jen Weathers,,,
Wednesday,2:00,,,,,
Wednesday,3:00,Rudie's Hi-Fi,Tommy Fox,,,
Wednesday,4:00,,,,,
Wednesday,5:00,Asia Pop Program,DJ Yue,,,
Wednesday,6:00,,,,,
Wednesday,7:00,Skid Row,Chris,,,
Wednesday,8:00,,,,,
Wednesday,9:00,Insert Name Here,Jerry,,,
Wednesday,10:00,,,,,
Wednesday,11:00,Highs in the 60s,Jim Wilson,,,
Wednesday,12:00,,,,,
Wednesday,13:00,Severe Exposure,John,,,
Wednesday,14:00,,,,,
Wednesday,15:00,Mind Your P's & Q's,Charlie Q,,,
Wednesday,16:00,Progressive Rock Proviso,Dave,,,
Wednesday,17:00,The Little Lighthouse,Greentooth,,,
Wednesday,18:00,Emisija Oddaja Emisija (Yugoslav culture program),Greentooth,,,
Wednesday,19:00,Duppy Echoes,DJ Hama,,,
Wednesday,20:00,,,,,
Wednesday,21:00,Over the Hump,DJ Schlippy,,,
Wednesday,22:00,,,,,
Wednesday,23:00,The Next,Savone,,,
,,,,,,
,,,,,,
THURSDAY,,,,,,
Thursday,0:00,This is Metal,Bob Delchin,,,
Thursday,1:00,,,,,
Thursday,2:00,Music to Break Things By,"Adam, Max & Mr. Suit ",,,
Thursday,3:00,,,,,
Thursday,4:00,Monster Boogie Ska,Monster Boogie Joe,,,
Thursday,5:00,,,,,
Thursday,6:00,Smooth Spazz,SpazzNEO,,,
Thursday,7:00,Jazz Inquisition,(rotating DJs),,,
Thursday,8:00,,,,,
Thursday,9:00,No Surf in Cleveland,BillMike,,,
Thursday,10:00,Halfway Cottages,Andy & Steve,,,
Thursday,11:00,,,,,
Thursday,12:00,Music of Sci Fi Fantasy,Mark,,,
Thursday,13:00,Rattfink,Rattfink,,,
Thursday,14:00,Casa de Exile,CK*1,,,
Thursday,15:00,What The Folk Is This ?,DJ Belladonna,,,
Thursday,16:00,,,,,
Thursday,17:00,Kinda Like the End,Cousin Bobby,,,
Thursday,18:00,"Geodesic Stereo
",Mike J,,,
Thursday,19:00,The All New JibNation,DJ JT,,,
Thursday,20:00,Carnage Asada,Steve,,,
Thursday,21:00,Split Ends,Connor,,,
Thursday,22:00,Waking the Intonarumori,bbob,,,
Thursday,23:00,,,,,
,,,,,,
,,,,,,
FRIDAY,,,,,,
Friday,0:00,See You In Hell,Shelley,,,
Friday,1:00,,,,,
Friday,2:00,Lost Live Traxx,JimiimiJ,,,
Friday,3:00,Scottify,Scott,,,
Friday,4:00,,,,,
Friday,5:00,Cleveland German Radio Show,David and Ambassador Renate,,,
Friday,6:00,,,,,
Friday,7:00,Good Morning Metal!,Alex,,,
Friday,8:00,,,,,
Friday,9:00,PUBLIC AFFAIRS HOUR Radio EcoShock,~,,,
Friday,10:00,Asia Pop Program,DJ Yue,,,
Friday,11:00,,,,,
Friday,12:00,Evil Gnome Hour,Azazel,,,
Friday,13:00,Land Beyond the Sun,Captain Midnight,,,
Friday,14:00,,,,,
Friday,15:00,Distant Sound of Trains,Josh,,,
Friday,16:00,The Next,Savone,,,
Friday,17:00,Odd Girl Hour,Niknak,,,
Friday,18:00,,,,,
Friday,19:00,Music to Break Things By,"Adam, Max & Mr. Suit ",,,
Friday,20:00,,,,,
Friday,21:00,The Record Exchange Rides Again,DJ Mids Jazz,,,
Friday,22:00,,,,,
Friday,23:00,,,,,
,,,,,,
,,,,,,
SATURDAY,,,,,,
Saturday,0:00,The Record Exchange Rides Again,"Mr. Friday Night Special, the Late Night Sensation ",,,
Saturday,1:00,,,,,
Saturday,2:00,,,,,
Saturday,3:00,Harsh Spazz Wall,SpazzNEO,,,
Saturday,4:00,Esoterica,Frank Incensed,,,
Saturday,5:00,Mind Your P's & Q's,Charlie Q,,,
Saturday,6:00,What The Folk Is This ?,DJ Belladonna,,,
Saturday,7:00,,,,,
Saturday,8:00,Stormy Weathers,Jen,,,
Saturday,9:00,,,,,
Saturday,10:00,The Hungarian Hour,Elizabeth,,,
Saturday,11:00,,,,,
Saturday,12:00,Surface Detail,Myra,,,
Saturday,13:00,Split Ends,Connor,,,
Saturday,14:00,Fast & Bulbous,Ennio,,,
Saturday,15:00,,,,,
Saturday,16:00,Highs in the 60s,Jim Wilson,,,
Saturday,17:00,,,,,
Saturday,18:00,Scottify,Scott,,,
Saturday,19:00,,,,,
Saturday,20:00,666oz of Madness,Adam,,,
Saturday,21:00,,,,,
Saturday,22:00,The AbuGhoul Radio Hour,Charbel,,,
Saturday,23:00,Terminus,DJ.empty3,,,
